date,high,low,close,20_MA,50_MA
1626552179999,1915.48,1912.55,1913.16,nan,nan
1626552239999,1913.94,1911.53,1912.02,nan,nan
1626552299999,1912.57,1911.44,1911.89,nan,nan
1626552359999,1912.34,1910.22,1911.62,nan,nan
1626552419999,1913.28,1911.6,1912.26,nan,nan
1626552479999,1912.84,1911.7,1912.45,nan,nan
1626552539999,1913.0,1911.01,1912.33,nan,nan
1626552599999,1912.45,1910.37,1911.13,nan,nan
1626552659999,1911.09,1908.0,1908.58,nan,nan
1626552719999,1910.09,1908.02,1910.08,nan,nan
1626552779999,1910.65,1908.51,1909.51,nan,nan
1626552839999,1909.5,1908.52,1909.03,nan,nan
1626552899999,1909.43,1907.93,1908.41,nan,nan
1626552959999,1908.52,1904.66,1904.69,nan,nan
1626553019999,1905.9,1904.59,1905.9,nan,nan
1626553079999,1907.51,1904.77,1904.94,nan,nan
1626553139999,1905.41,1903.0,1903.16,nan,nan
1626553199999,1905.96,1903.16,1905.7,nan,nan
1626553259999,1905.99,1904.78,1905.05,nan,nan
1626553319999,1907.91,1905.06,1907.65,nan,nan
1626553379999,1907.6,1904.98,1905.71,nan,nan
1626553439999,1906.0,1905.05,1905.19,nan,nan
1626553499999,1905.69,1903.54,1905.11,nan,nan
1626553559999,1906.68,1904.15,1906.03,nan,nan
1626553619999,1906.53,1902.98,1903.22,nan,nan
1626553679999,1903.85,1902.52,1902.53,nan,nan
1626553739999,1904.92,1902.25,1904.6,nan,nan
1626553799999,1904.6,1902.18,1902.42,nan,nan
1626553859999,1904.28,1902.59,1903.98,nan,nan
1626553919999,1904.0,1902.17,1903.97,nan,nan
1626553979999,1903.82,1901.38,1901.67,nan,nan
1626554039999,1902.0,1901.12,1901.68,nan,nan
1626554099999,1903.07,1901.68,1902.0,nan,nan
1626554159999,1902.87,1901.46,1902.82,nan,nan
1626554219999,1904.2,1902.81,1904.01,nan,nan
1626554279999,1904.19,1901.33,1902.41,nan,nan
1626554339999,1902.41,1902.24,1902.35,nan,nan
1626554399999,1903.84,1901.63,1903.61,nan,nan
1626554459999,1903.6,1902.19,1902.96,nan,nan
1626554519999,1903.04,1902.0,1902.83,nan,nan
1626554579999,1904.42,1902.64,1903.8,nan,nan
1626554639999,1906.47,1903.53,1906.32,nan,nan
1626554699999,1906.33,1905.01,1905.01,nan,nan
1626554759999,1906.41,1904.03,1904.09,nan,nan
1626554819999,1905.29,1904.19,1904.89,nan,nan
1626554879999,1904.89,1902.7,1902.99,nan,nan
1626554939999,1903.36,1902.54,1902.98,nan,nan
1626554999999,1903.0,1901.66,1901.95,nan,nan
1626555059999,1904.84,1901.87,1904.84,nan,nan
1626555119999,1906.31,1904.84,1906.3,nan,nan
1626555179999,1907.0,1906.3,1906.45,nan,nan
1626555239999,1906.46,1904.63,1905.27,nan,nan
1626555299999,1905.53,1902.92,1903.25,nan,nan
1626555359999,1903.65,1901.38,1901.56,nan,nan
1626555419999,1901.88,1901.2,1901.22,nan,nan
1626555479999,1901.47,1899.48,1900.47,nan,nan
1626555539999,1901.65,1899.79,1899.8,nan,nan
1626555599999,1899.8,1897.04,1898.28,nan,nan
1626555659999,1901.38,1897.99,1897.99,nan,nan
1626555719999,1898.01,1893.0,1895.2,nan,nan
1626555779999,1897.39,1895.0,1897.19,1902.3024999999986,1903.4696000000006
1626555839999,1897.13,1893.48,1895.17,1901.7449999999983,1903.1924000000006
1626555899999,1897.09,1895.03,1895.04,1901.2464999999986,1902.9250000000002
1626555959999,1896.09,1892.36,1896.09,1900.8464999999985,1902.7530000000002
1626556019999,1897.86,1896.16,1897.84,1900.493999999998,1902.5917999999997
1626556079999,1898.5,1896.61,1898.42,1900.2654999999982,1902.4613999999995
1626556139999,1898.43,1896.71,1896.71,1899.951999999998,1902.3323999999996
1626556199999,1897.4,1896.13,1897.09,1899.7089999999982,1902.1601999999998
1626556259999,1897.75,1897.08,1897.65,1899.349499999998,1902.0121999999997
1626556319999,1899.6,1896.75,1898.89,1898.9789999999982,1901.8370000000002
1626556379999,1899.14,1898.0,1898.11,1898.5619999999985,1901.6849999999997
1626556439999,1901.29,1898.0,1901.1,1898.3534999999981,1901.6031999999996
1626556499999,1901.11,1899.45,1899.55,1898.1684999999986,1901.4919999999997
1626556559999,1900.68,1899.55,1900.51,1898.1159999999993,1901.3816
1626556619999,1901.61,1900.53,1901.61,1898.1354999999992,1901.3493999999998
1626556679999,1902.05,1901.6,1901.71,1898.1974999999995,1901.333
1626556739999,1902.06,1901.0,1901.58,1898.2864999999995,1901.2725999999998
1626556799999,1901.88,1900.11,1901.51,1898.4479999999992,1901.2543999999998
1626556859999,1904.17,1901.44,1903.98,1898.7474999999995,1901.2543999999998
1626556919999,1904.87,1902.66,1904.6,1899.2174999999995,1901.2669999999996
1626556979999,1904.81,1903.13,1903.58,1899.5369999999996,1901.3051999999996
1626557039999,1904.34,1903.15,1904.24,1899.9904999999994,1901.3564
1626557099999,1904.34,1903.56,1904.33,1900.4549999999995,1901.4030000000002
1626557159999,1906.08,1904.25,1905.66,1900.9334999999999,1901.4597999999999
1626557219999,1906.1,1905.62,1906.0,1901.3414999999998,1901.4995999999999
1626557279999,1907.53,1905.68,1906.31,1901.7359999999996,1901.5775999999996
1626557339999,1906.42,1904.18,1904.97,1902.1490000000001,1901.63
1626557399999,1905.28,1904.0,1904.05,1902.4970000000005,1901.6388
1626557459999,1904.06,1902.82,1903.05,1902.7670000000005,1901.6406
1626557519999,1905.0,1903.01,1904.98,1903.0715000000012,1901.6835999999998
1626557579999,1906.47,1904.93,1906.39,1903.4855000000007,1901.7353999999998
1626557639999,1910.76,1906.4,1910.72,1903.9665000000011,1901.8233999999993
1626557699999,1911.11,1906.65,1906.87,1904.3325000000011,1901.8605999999993
1626557759999,1907.99,1906.65,1907.8,1904.6970000000013,1901.9347999999998
1626557819999,1907.87,1907.67,1907.87,1905.0100000000016,1901.9943999999998
1626557879999,1912.73,1907.86,1912.43,1905.546000000002,1902.1831999999995
1626557939999,1912.43,1911.23,1911.23,1906.0285000000017,1902.3481999999995
1626557999999,1912.8,1909.69,1912.01,1906.5535000000018,1902.5493999999994
1626558059999,1912.99,1912.0,1912.47,1906.9780000000017,1902.7019999999998
1626558119999,1914.28,1911.5,1913.75,1907.4355000000019,1902.8509999999997
1626558179999,1914.81,1913.79,1914.39,1907.976000000002,1903.0097999999998
1626558239999,1914.39,1910.82,1913.19,1908.4235000000022,1903.1681999999998
1626558299999,1913.13,1911.18,1911.55,1908.7845000000027,1903.3342000000002
1626558359999,1915.82,1911.09,1912.89,1909.146000000002,1903.5608000000002
1626558419999,1913.1,1912.1,1912.86,1909.489000000002,1903.7936000000002
1626558479999,1913.24,1912.2,1912.22,1909.784500000002,1904.0285999999999
1626558539999,1912.5,1910.61,1911.11,1910.0915000000023,1904.2547999999997
1626558599999,1911.18,1909.58,1909.85,1910.381500000002,1904.4862
1626558659999,1910.0,1909.02,1909.64,1910.7110000000018,1904.7191999999998
1626558719999,1909.97,1907.71,1908.16,1910.870000000002,1904.9784
1626558779999,1908.84,1907.13,1907.17,1910.909000000002,1905.1779999999999
1626558839999,1908.65,1906.09,1906.4,1910.6930000000018,1905.4026
1626558899999,1907.81,1906.11,1907.11,1910.7050000000017,1905.644
1626558959999,1909.97,1907.12,1909.16,1910.7730000000017,1905.9054
1626559019999,1909.11,1907.91,1908.38,1910.7985000000012,1906.1162000000002
1626559079999,1909.11,1906.56,1906.58,1910.5060000000012,1906.2794000000006
1626559139999,1908.08,1906.59,1908.08,1910.3485000000012,1906.5068
1626559199999,1908.96,1907.07,1908.88,1910.1920000000014,1906.7426000000007
1626559259999,1908.88,1904.65,1906.25,1909.8810000000008,1906.9146000000007
1626559319999,1906.26,1904.82,1905.15,1909.4510000000005,1907.0398000000007
1626559379999,1905.66,1904.11,1904.23,1908.9430000000007,1907.162200000001
1626559439999,1904.43,1901.57,1904.43,1908.5050000000003,1907.2288000000005
1626559499999,1904.94,1902.19,1902.57,1908.056,1907.2892000000006
1626559559999,1904.62,1902.56,1903.17,1907.5700000000002,1907.3424000000007
1626559619999,1904.84,1902.66,1904.13,1907.1335,1907.3928000000008
1626559679999,1904.13,1901.69,1902.26,1906.6354999999999,1907.4038000000007
1626559739999,1902.25,1898.55,1900.63,1906.1114999999995,1907.3848000000007
1626559799999,1900.65,1897.74,1899.87,1905.6124999999997,1907.3520000000008
1626559859999,1901.38,1898.89,1899.55,1905.1079999999997,1907.2634000000007
1626559919999,1901.72,1899.17,1901.17,1904.7584999999995,1907.1948000000004
1626559979999,1901.26,1900.12,1900.59,1904.429499999999,1907.1350000000002
1626560039999,1902.31,1899.27,1901.61,1904.1899999999991,1907.0824000000002
1626560099999,1901.6,1899.13,1900.88,1903.8784999999993,1907.0134000000005
1626560159999,1901.7,1900.0,1900.89,1903.4649999999988,1906.9180000000001
1626560219999,1901.72,1899.26,1900.74,1903.0829999999992,1906.8128000000004
1626560279999,1903.16,1900.36,1902.38,1902.8729999999985,1906.7342000000003
1626560339999,1903.5,1901.91,1903.16,1902.6269999999981,1906.6980000000005
1626560399999,1904.85,1902.98,1903.75,1902.3704999999984,1906.692
1626560459999,1903.75,1902.29,1903.22,1902.2189999999985,1906.6954
1626560519999,1903.22,1902.44,1902.6,1902.0914999999982,1906.6478000000002
1626560579999,1903.9,1902.41,1903.15,1902.0374999999979,1906.5829999999999
1626560639999,1904.9,1902.58,1904.83,1902.0574999999983,1906.4652
1626560699999,1904.94,1903.19,1903.94,1902.1259999999984,1906.4066000000003
1626560759999,1904.55,1903.42,1903.75,1902.1549999999984,1906.3256000000003
1626560819999,1903.98,1902.14,1902.15,1902.0559999999987,1906.2112000000002
1626560879999,1903.09,1900.21,1900.21,1901.9534999999983,1905.9668000000006
1626560939999,1900.22,1897.09,1898.23,1901.8334999999984,1905.7068000000008
1626560999999,1899.8,1896.55,1897.14,1901.6969999999988,1905.409400000001
1626561059999,1899.39,1895.75,1898.91,1901.6649999999986,1905.138200000001
1626561119999,1898.8,1897.04,1897.77,1901.494999999999,1904.818600000001
1626561179999,1898.91,1896.67,1898.68,1901.399499999999,1904.504400000001
1626561239999,1899.83,1897.37,1899.51,1901.2944999999993,1904.2308000000007
1626561299999,1900.0,1898.38,1898.89,1901.1949999999993,1903.9776000000004
1626561359999,1900.0,1897.99,1899.99,1901.1499999999996,1903.7196000000008
1626561419999,1900.0,1898.52,1900.0,1901.1129999999998,1903.4624000000008
1626561479999,1900.83,1898.86,1899.2,1900.9539999999997,1903.2020000000005
1626561539999,1900.59,1898.42,1899.99,1900.7954999999995,1902.9796000000001
1626561599999,1900.3,1899.06,1900.3,1900.623,1902.7886
1626561659999,1901.0,1899.7,1900.11,1900.4675,1902.5980000000002
1626561719999,1902.0,1899.69,1901.65,1900.42,1902.4678
1626561779999,1902.88,1901.66,1902.17,1900.3710000000003,1902.3678
1626561839999,1902.31,1900.2,1900.75,1900.167,1902.2547999999997
1626561899999,1902.83,1900.49,1901.7,1900.0549999999996,1902.1465999999998
1626561959999,1902.87,1900.99,1901.73,1899.9539999999997,1901.9979999999996
1626562019999,1902.87,1900.63,1900.75,1899.884,1901.8453999999995
1626562079999,1900.79,1899.06,1899.37,1899.8419999999999,1901.7011999999993
1626562139999,1903.62,1899.5,1902.77,1900.0689999999995,1901.5949999999993
1626562199999,1904.19,1902.71,1903.98,1900.4109999999996,1901.4969999999992
1626562259999,1904.05,1902.1,1902.56,1900.5934999999995,1901.4231999999995
1626562319999,1903.7,1902.04,1902.52,1900.8309999999997,1901.3705999999997
1626562379999,1904.78,1902.36,1903.71,1901.0824999999993,1901.3601999999998
1626562439999,1903.7,1901.17,1901.62,1901.1879999999994,1901.3039999999996
1626562499999,1902.36,1901.28,1902.36,1901.3614999999995,1901.2997999999998
1626562559999,1902.4,1901.17,1901.25,1901.4244999999999,1901.2613999999999
1626562619999,1901.46,1898.22,1898.32,1901.3404999999998,1901.1452
1626562679999,1899.11,1897.9,1898.62,1901.3115000000003,1901.0724
1626562739999,1899.62,1897.66,1899.29,1901.2765000000006,1901.0456
1626562799999,1900.79,1898.66,1899.33,1901.2280000000005,1901.0348000000004
1626562859999,1899.33,1895.19,1897.19,1901.0820000000008,1900.9876000000004
1626562919999,1897.33,1891.69,1893.26,1900.6625000000004,1900.8294
1626562979999,1895.71,1892.97,1895.0,1900.3040000000008,1900.7176000000002
1626563039999,1896.3,1894.66,1896.23,1900.0780000000013,1900.6099999999997
1626563099999,1897.55,1895.31,1897.39,1899.862500000001,1900.5401999999997
1626563159999,1897.38,1895.68,1895.96,1899.574000000001,1900.4415999999997
1626563219999,1896.3,1895.13,1895.26,1899.299500000001,1900.3319999999999
1626563279999,1896.65,1894.38,1894.38,1899.0500000000006,1900.1719999999998
1626563339999,1895.52,1892.21,1892.61,1898.5420000000001,1899.9609999999996
1626563399999,1893.65,1889.0,1893.16,1898.0010000000007,1899.7491999999995
1626563459999,1894.2,1892.33,1894.2,1897.5830000000005,1899.5687999999996
1626563519999,1895.84,1892.67,1895.54,1897.2340000000008,1899.4275999999995
1626563579999,1896.2,1895.0,1895.29,1896.8130000000006,1899.2703999999992
1626563639999,1895.95,1894.25,1894.88,1896.476,1899.0713999999994
1626563699999,1894.89,1894.26,1894.52,1896.084,1898.8829999999996
1626563759999,1894.53,1892.46,1892.87,1895.6650000000002,1898.6653999999994
1626563819999,1893.69,1892.0,1892.37,1895.3674999999998,1898.4697999999996
1626563879999,1893.01,1891.94,1892.32,1895.0524999999998,1898.3119999999994
1626563939999,1896.74,1891.5,1896.56,1894.916,1898.2785999999996
1626563999999,1897.5,1896.16,1897.5,1894.8245,1898.2857999999997
1626564059999,1897.56,1893.91,1894.19,1894.6745000000003,1898.1914
1626564119999,1898.09,1894.42,1897.97,1894.9099999999999,1898.1953999999998
1626564179999,1899.11,1896.67,1896.88,1895.0039999999997,1898.1593999999998
1626564239999,1898.22,1895.77,1897.44,1895.0644999999997,1898.1180000000002
1626564299999,1898.31,1896.2,1896.98,1895.0440000000003,1898.0798000000002
1626564359999,1896.87,1895.23,1895.76,1895.0340000000008,1897.9952000000003
1626564419999,1897.02,1895.04,1895.66,1895.0540000000008,1897.9084000000003
1626564479999,1896.57,1894.97,1896.16,1895.1430000000007,1897.8476000000003
1626564539999,1896.84,1896.01,1896.53,1895.339000000001,1897.7784000000001
1626564599999,1896.81,1895.87,1896.17,1895.4895000000008,1897.6958000000004
1626564659999,1896.2,1895.16,1895.35,1895.547000000001,1897.6006000000002
1626564719999,1897.66,1894.16,1896.72,1895.6060000000004,1897.5020000000004
1626564779999,1899.22,1896.68,1898.97,1895.7900000000004,1897.4380000000006
1626564839999,1899.39,1898.11,1898.91,1895.9915000000012,1897.4012000000002
1626564899999,1899.22,1897.65,1898.68,1896.1995000000013,1897.3408000000002
1626564959999,1898.92,1896.51,1897.3,1896.421000000001,1897.2522000000006
1626565019999,1897.76,1894.82,1895.16,1896.560500000001,1897.1404000000007
1626565079999,1895.45,1893.15,1893.82,1896.635500000001,1897.0294000000008
1626565139999,1894.44,1892.32,1892.5,1896.4325000000013,1896.8240000000012
1626565199999,1894.43,1892.13,1894.43,1896.2790000000011,1896.6330000000007
1626565259999,1894.84,1893.12,1893.96,1896.2675000000006,1896.461000000001
1626565319999,1894.62,1893.22,1894.51,1896.094500000001,1896.3008000000007
1626565379999,1898.0,1894.39,1898.0,1896.1505000000009,1896.1866000000007
1626565439999,1899.78,1898.0,1899.2,1896.2385000000002,1896.1382000000003
1626565499999,1900.0,1898.2,1900.0,1896.3895,1896.0910000000003
1626565559999,1900.0,1897.01,1897.24,1896.4634999999998,1896.0108000000002
1626565619999,1897.23,1895.2,1895.59,1896.4599999999996,1895.9561999999999
1626565679999,1896.16,1895.59,1896.03,1896.4534999999996,1895.9044000000001
1626565739999,1896.25,1894.55,1894.87,1896.370499999999,1895.8159999999998
1626565799999,1895.99,1893.61,1895.13,1896.3184999999994,1895.7320000000002
1626565859999,1895.71,1893.69,1894.17,1896.259499999999,1895.6716000000001
1626565919999,1896.16,1894.16,1896.16,1896.2314999999994,1895.7296000000006
1626565979999,1899.01,1896.17,1898.13,1896.189499999999,1895.7922000000005
1626566039999,1899.41,1897.43,1899.39,1896.2134999999992,1895.8554000000006
1626566099999,1903.0,1899.4,1902.33,1896.3959999999993,1895.9542000000008
1626566159999,1902.76,1899.55,1900.07,1896.5344999999993,1896.0364000000006
1626566219999,1900.28,1897.91,1898.19,1896.6859999999992,1896.095000000001
1626566279999,1898.25,1896.01,1896.01,1896.7954999999995,1896.1276000000007
1626566339999,1897.71,1895.75,1897.71,1897.0559999999994,1896.2296000000006
1626566399999,1899.7,1896.93,1899.59,1897.3139999999992,1896.3582000000006
1626566459999,1899.94,1896.55,1897.33,1897.4824999999996,1896.4208000000008
1626566519999,1902.18,1897.33,1899.69,1897.7415,1896.5038000000009
1626566579999,1901.1,1897.6,1899.97,1897.8399999999997,1896.597400000001
1626566639999,1901.29,1898.06,1901.29,1897.9445,1896.7256000000007
1626566699999,1904.48,1900.92,1903.28,1898.1084999999998,1896.9008000000003
1626566759999,1912.98,1903.18,1912.4,1898.8665,1897.2914000000007
1626566819999,1912.97,1908.58,1909.07,1899.5405000000003,1897.6254000000006
1626566879999,1910.37,1907.01,1907.84,1900.1309999999999,1897.9358000000007
1626566939999,1908.45,1906.25,1906.9,1900.7324999999994,1898.1426000000004
1626566999999,1907.41,1905.61,1905.71,1901.2614999999994,1898.3068000000005
1626567059999,1907.12,1905.7,1906.86,1901.8959999999995,1898.5602000000006
1626567119999,1907.54,1906.1,1906.11,1902.3934999999994,1898.7230000000002
1626567179999,1906.19,1904.46,1905.46,1902.7599999999995,1898.8946000000003
1626567239999,1906.15,1905.0,1905.98,1903.0894999999996,1899.0654000000002
1626567299999,1905.97,1901.88,1902.14,1903.0799999999992,1899.1686000000002
1626567359999,1904.14,1902.21,1902.82,1903.2174999999995,1899.3098000000005
1626567419999,1906.74,1902.72,1905.84,1903.599999999999,1899.5134
1626567479999,1906.13,1904.3,1906.13,1904.105999999999,1899.7128000000002
1626567539999,1908.95,1906.17,1908.38,1904.6394999999986,1899.9498
1626567599999,1909.58,1907.94,1909.58,1905.1389999999988,1900.218
1626567659999,1910.52,1909.02,1910.34,1905.789499999999,1900.5178
1626567719999,1912.42,1909.66,1911.08,1906.3589999999986,1900.8049999999996
1626567779999,1911.08,1908.79,1909.88,1906.8544999999983,1901.0232
1626567839999,1911.26,1909.54,1910.29,1907.3044999999984,1901.2507999999998
1626567899999,1910.51,1907.92,1908.15,1907.5479999999984,1901.4402
1626567959999,1911.0,1908.15,1910.08,1907.4319999999984,1901.6957999999995
1626568019999,1910.67,1908.01,1909.48,1907.452499999999,1901.9821999999995
1626568079999,1909.67,1908.65,1908.78,1907.4994999999994,1902.2813999999996
1626568139999,1909.31,1907.52,1908.11,1907.56,1902.5936
1626568199999,1909.92,1908.26,1909.48,1907.7484999999997,1902.8945999999999
1626568259999,1912.29,1909.51,1912.13,1908.0119999999995,1903.2579999999998
1626568319999,1919.29,1912.24,1917.15,1908.5639999999996,1903.7107999999998
1626568379999,1917.48,1915.25,1916.36,1909.109,1904.0780000000002
1626568439999,1916.89,1915.12,1915.39,1909.5795000000003,1904.4018000000003
1626568499999,1916.07,1915.11,1915.55,1910.25,1904.7128
1626568559999,1929.96,1915.56,1924.79,1911.3485000000005,1905.2637999999997
1626568619999,1935.0,1924.09,1934.3,1912.7715000000007,1906.0379999999998
1626568679999,1936.58,1931.4,1935.75,1914.252500000001,1906.8324000000002
1626568739999,1938.0,1933.02,1933.72,1915.519500000001,1907.6094000000003
1626568799999,1944.95,1933.72,1941.22,1917.1015000000011,1908.5312000000004
1626568859999,1946.41,1940.45,1943.03,1918.7360000000012,1909.5084000000002
1626568919999,1946.19,1942.37,1945.14,1920.439000000001,1910.4879999999998
1626568979999,1945.38,1938.54,1939.61,1921.9255000000012,1911.3175999999999
1626569039999,1944.22,1938.35,1940.0,1923.4110000000007,1912.1297999999995
1626569099999,1941.19,1939.09,1939.48,1924.9775000000004,1912.8727999999992
1626569159999,1948.73,1939.62,1948.13,1926.8800000000003,1913.8339999999994
1626569219999,1950.0,1945.03,1946.02,1928.7070000000003,1914.7905999999994
1626569279999,1947.4,1944.0,1945.86,1930.5609999999997,1915.7875999999992
1626569339999,1946.9,1945.08,1945.85,1932.4480000000003,1916.7503999999992
1626569399999,1947.57,1944.9,1944.9,1934.2190000000003,1917.6565999999993
1626569459999,1946.99,1944.47,1946.36,1935.9305000000004,1918.6371999999994
1626569519999,1948.12,1946.36,1946.99,1937.4225000000001,1919.5831999999998
1626569579999,1950.0,1946.68,1949.22,1939.0655000000002,1920.5682000000002
1626569639999,1955.0,1949.22,1954.52,1941.0220000000002,1921.6328
1626569699999,1959.64,1954.45,1959.13,1943.2009999999998,1922.7498000000005
1626569759999,1988.0,1959.08,1978.21,1945.8719999999994,1924.0660000000007
1626569819999,1979.77,1972.1,1974.4,1947.8769999999997,1925.3726000000004
1626569879999,1977.76,1966.49,1967.07,1949.4429999999998,1926.5572000000006
1626569939999,1971.67,1966.82,1967.95,1951.1544999999994,1927.7782000000009
1626569999999,1973.6,1967.89,1970.24,1952.6054999999992,1929.0688000000007
1626570059999,1983.46,1970.25,1978.97,1954.4024999999995,1930.5110000000009
1626570119999,1983.2,1978.08,1979.08,1956.0994999999998,1931.970400000001
1626570179999,1980.46,1973.55,1973.79,1957.8084999999999,1933.3370000000007
1626570239999,1973.86,1970.42,1971.02,1959.3594999999998,1934.6378000000009
1626570299999,1972.17,1962.0,1964.06,1960.5884999999994,1935.8762000000008
1626570359999,1969.49,1961.04,1967.64,1961.5639999999996,1937.1726000000008
1626570419999,1973.6,1966.43,1970.07,1962.7664999999997,1938.457200000001
1626570479999,1973.78,1968.26,1968.38,1963.8924999999995,1939.7022000000009
1626570539999,1972.33,1968.16,1971.85,1965.1924999999997,1940.9716000000005
1626570599999,1972.62,1968.62,1970.19,1966.4569999999997,1942.183800000001
1626570659999,1971.08,1965.33,1965.35,1967.4064999999991,1943.284000000001
1626570719999,1973.59,1965.56,1972.43,1968.6784999999993,1944.5110000000006
1626570779999,1973.19,1968.89,1973.19,1969.8769999999993,1945.7772000000007
1626570839999,1976.19,1972.53,1975.76,1970.9389999999999,1947.0866000000005
1626570899999,1976.22,1972.92,1973.32,1971.6484999999998,1948.3900000000008
1626570959999,1976.45,1973.08,1976.08,1971.5420000000001,1949.7100000000012
1626571019999,1975.82,1970.12,1970.74,1971.3589999999997,1950.935200000001
1626571079999,1972.55,1970.14,1971.25,1971.5679999999993,1952.1846000000012
1626571139999,1976.67,1971.54,1976.27,1971.9839999999992,1953.5478000000012
1626571199999,1978.93,1975.05,1978.61,1972.402499999999,1954.9304000000013
1626571259999,1982.7,1973.91,1976.22,1972.264999999999,1956.2122000000008
1626571319999,1978.45,1975.82,1976.01,1972.111499999999,1957.389400000001
1626571379999,1978.46,1974.96,1978.45,1972.3444999999988,1958.6312000000007
1626571439999,1979.52,1977.39,1979.51,1972.768999999999,1959.9136000000008
1626571499999,1982.0,1979.24,1980.5,1973.5909999999992,1961.2126000000003
1626571559999,1981.62,1977.4,1979.58,1974.1879999999996,1962.3084000000006
1626571619999,1981.52,1977.58,1979.8,1974.6744999999996,1963.2184000000002
1626571679999,1982.75,1978.85,1979.51,1975.2309999999998,1964.0936000000002
1626571739999,1980.28,1976.1,1977.0,1975.4885,1964.9592000000002
1626571799999,1981.39,1977.09,1979.3,1975.9440000000002,1965.7208
1626571859999,1981.2,1975.76,1976.58,1976.5055000000004,1966.3918000000006
1626571919999,1987.09,1976.59,1986.3,1977.1990000000005,1967.2150000000004
1626571979999,1987.02,1980.27,1981.5,1977.6145000000004,1968.0528000000004
1626572039999,1984.0,1981.0,1982.68,1977.9605000000004,1968.9063999999998
1626572099999,1986.12,1981.7,1982.07,1978.3980000000006,1969.7582
1626572159999,1982.7,1978.2,1978.99,1978.5435000000004,1970.3754
1626572219999,1980.0,1975.42,1976.6,1978.8365000000008,1970.987
1626572279999,1977.83,1976.0,1976.08,1979.0780000000013,1971.5914000000002
1626572339999,1977.49,1973.93,1974.42,1978.9855000000014,1972.1628
1626572399999,1976.25,1974.33,1975.43,1978.8265000000015,1972.7734000000003
1626572459999,1975.9,1974.1,1974.51,1978.7410000000013,1973.3364000000001
1626572519999,1979.46,1974.37,1978.84,1978.882500000001,1973.9733999999996
1626572579999,1979.82,1976.52,1978.99,1978.9095000000016,1974.5688
1626572639999,1981.17,1978.67,1980.65,1978.9665000000011,1975.0913999999996
1626572699999,1982.68,1979.21,1982.67,1979.0750000000012,1975.5621999999992
1626572759999,1982.73,1975.48,1976.4,1978.916000000001,1975.525999999999
1626572819999,1978.85,1976.36,1977.42,1978.797000000001,1975.5863999999992
1626572879999,1978.1,1976.02,1976.79,1978.6610000000012,1975.7807999999993
1626572939999,1979.28,1976.38,1977.55,1978.6885000000009,1975.9727999999993
1626572999999,1979.42,1977.55,1978.03,1978.6250000000007,1976.1285999999993
1626573059999,1979.2,1978.04,1978.6,1978.7260000000006,1976.1211999999994
1626573119999,1979.43,1976.02,1976.71,1978.2465000000007,1976.0737999999997
1626573179999,1978.27,1976.72,1977.4,1978.0415000000005,1976.1459999999995
1626573239999,1979.8,1977.4,1979.23,1977.8690000000006,1976.3101999999997
1626573299999,1979.78,1977.1,1977.55,1977.6430000000005,1976.5799999999997
1626573359999,1978.82,1976.65,1976.96,1977.5415000000005,1976.7664000000002
1626573419999,1978.01,1973.59,1973.64,1977.3935000000006,1976.8377999999998
1626573479999,1975.63,1973.8,1974.62,1977.3205000000003,1976.9625999999996
1626573539999,1977.94,1974.63,1976.79,1977.4389999999999,1977.0613999999994
1626573599999,1977.94,1975.6,1977.64,1977.5494999999999,1977.2103999999995
1626573659999,1981.0,1977.43,1977.49,1977.6985,1977.4531999999995
1626573719999,1979.3,1976.46,1976.97,1977.6050000000007,1977.5439999999996
1626573779999,1976.98,1974.31,1975.15,1977.413000000001,1977.5831999999991
1626573839999,1975.66,1973.73,1974.14,1977.0875000000008,1977.5507999999993
1626573899999,1974.15,1971.41,1972.08,1976.558000000001,1977.5259999999994
1626573959999,1976.99,1972.09,1976.27,1976.5515000000007,1977.5297999999996
1626574019999,1980.52,1976.47,1978.09,1976.5850000000005,1977.6767999999997
1626574079999,1980.14,1977.7,1978.24,1976.6574999999998,1977.8165999999997
1626574139999,1978.4,1976.53,1977.03,1976.6314999999995,1977.8317999999997
1626574199999,1978.63,1976.02,1976.13,1976.5364999999995,1977.7821999999996
1626574259999,1977.74,1975.82,1976.28,1976.420499999999,1977.7833999999996
1626574319999,1976.17,1974.16,1974.99,1976.334499999999,1977.763
1626574379999,1975.0,1972.9,1974.0,1976.164499999999,1977.674
1626574439999,1975.46,1973.46,1975.14,1975.9599999999987,1977.5866
1626574499999,1975.9,1974.96,1975.58,1975.8614999999986,1977.4882
1626574559999,1977.97,1975.56,1977.19,1975.8729999999985,1977.4404000000002
1626574619999,1978.15,1977.19,1977.56,1976.0689999999984,1977.3956
1626574679999,1978.36,1976.85,1978.0,1976.2379999999987,1977.3654000000001
1626574739999,1980.0,1978.0,1978.95,1976.3459999999984,1977.4044000000004
1626574799999,1979.34,1976.76,1977.6,1976.3439999999985,1977.3704000000005
1626574859999,1980.0,1977.6,1978.83,1976.4109999999987,1977.4154000000003
1626574919999,1979.38,1977.5,1979.09,1976.5169999999985,1977.2712000000001
1626574979999,1980.24,1978.57,1979.89,1976.7539999999983,1977.2390000000003
1626575039999,1981.38,1979.13,1980.67,1977.0804999999982,1977.1988000000001
1626575099999,1980.97,1979.41,1980.03,1977.477999999998,1977.1580000000001
1626575159999,1982.64,1979.13,1982.55,1977.7919999999983,1977.2292000000002
1626575219999,1984.0,1981.88,1982.81,1978.0279999999989,1977.3534
1626575279999,1990.0,1982.37,1990.0,1978.6159999999993,1977.6317999999999
1626575339999,1993.79,1985.72,1986.65,1979.0969999999993,1977.8763999999999
1626575399999,1986.89,1983.95,1984.24,1979.5024999999998,1978.0526000000004
1626575459999,1985.43,1983.39,1984.87,1979.932,1978.2598000000005
1626575519999,1986.0,1983.21,1985.92,1980.4785,1978.4014000000004
1626575579999,1987.58,1985.23,1985.47,1981.0520000000001,1978.5310000000004
1626575639999,1986.82,1985.24,1986.81,1981.6354999999999,1978.6542000000002
1626575699999,1988.7,1986.8,1988.68,1982.2904999999998,1978.7744
1626575759999,1988.69,1983.92,1983.92,1982.6269999999993,1978.9248
1626575819999,1983.92,1979.78,1979.98,1982.7479999999996,1978.976
1626575879999,1980.0,1978.74,1979.66,1982.8309999999997,1979.0334000000003
1626575939999,1984.32,1978.7,1981.69,1982.9679999999996,1979.1162
1626575999999,1982.15,1979.52,1979.58,1983.0669999999998,1979.1472
1626576059999,1980.45,1978.0,1980.01,1983.1259999999997,1979.1753999999994
1626576119999,1981.0,1979.16,1979.85,1983.164,1979.2381999999996
1626576179999,1980.99,1978.97,1980.99,1983.2189999999998,1979.31
1626576239999,1983.0,1979.66,1982.04,1983.2875,1979.3661999999997
1626576299999,1982.31,1979.97,1980.09,1983.2904999999998,1979.4169999999995
1626576359999,1985.0,1979.57,1984.12,1983.369,1979.560199999999
1626576419999,1988.88,1983.23,1985.09,1983.4829999999997,1979.789199999999
1626576479999,1985.29,1982.42,1983.01,1983.1335,1979.956999999999
1626576539999,1984.08,1982.7,1983.74,1982.9879999999998,1980.095999999999
1626576599999,1983.95,1982.5,1983.44,1982.9480000000003,1980.2119999999993
1626576659999,1983.8,1981.11,1981.12,1982.7605000000003,1980.2845999999993
1626576719999,1982.0,1980.92,1981.44,1982.5365000000008,1980.3739999999993
1626576779999,1981.5,1980.68,1981.32,1982.3290000000009,1980.4973999999995
1626576839999,1982.0,1981.23,1981.53,1982.065000000001,1980.6451999999992
1626576899999,1982.52,1981.65,1982.43,1981.752500000001,1980.8521999999994
1626576959999,1983.14,1981.88,1982.5,1981.6815000000013,1980.9767999999997
1626577019999,1982.77,1981.21,1981.44,1981.7545000000014,1981.0437999999997
1626577079999,1981.76,1980.27,1980.31,1981.787000000001,1981.0851999999995
1626577139999,1982.71,1980.32,1982.58,1981.831500000001,1981.1961999999994
1626577199999,1982.95,1982.2,1982.95,1982.0000000000007,1981.3325999999993
1626577259999,1984.95,1982.95,1984.52,1982.2255000000005,1981.4973999999995
1626577319999,1988.82,1984.39,1986.45,1982.5555000000004,1981.7265999999995
1626577379999,1986.45,1982.31,1983.77,1982.6945000000007,1981.9219999999996
1626577439999,1983.86,1983.16,1983.44,1982.7645000000005,1982.0879999999995
1626577499999,1986.13,1983.16,1985.63,1983.0415000000005,1982.2889999999998
1626577559999,1986.86,1985.18,1986.09,1983.1400000000006,1982.4669999999999
1626577619999,1986.63,1985.43,1985.43,1983.1570000000004,1982.6243999999997
1626577679999,1985.52,1984.24,1985.0,1983.2565000000002,1982.7643999999998
1626577739999,1985.01,1980.72,1982.9,1983.2145000000005,1982.8433999999997
1626577799999,1982.82,1980.84,1981.7,1983.1275,1982.9253999999994
1626577859999,1984.95,1979.87,1984.12,1983.2774999999997,1983.0311999999994
1626577919999,1984.84,1982.01,1982.79,1983.3449999999998,1983.1051999999995
1626577979999,1982.73,1981.51,1981.62,1983.36,1983.1397999999995
1626578039999,1982.44,1981.4,1981.77,1983.3719999999998,1983.1617999999996
1626578099999,1982.86,1980.47,1980.47,1983.274,1983.1705999999997
1626578159999,1983.48,1980.45,1982.66,1983.2820000000004,1983.1727999999996
1626578219999,1983.44,1981.08,1982.44,1983.3320000000003,1983.1654
1626578279999,1983.07,1981.62,1982.99,1983.4660000000003,1983.0252000000003
1626578339999,1983.25,1980.76,1981.0,1983.3870000000002,1982.9122000000002
1626578399999,1981.63,1978.47,1978.73,1983.1760000000006,1982.8020000000001
1626578459999,1981.21,1978.73,1980.41,1982.9705000000006,1982.7128000000002
1626578519999,1981.12,1980.4,1980.48,1982.6720000000005,1982.6040000000003
1626578579999,1980.48,1978.37,1978.54,1982.4105000000004,1982.4653999999998
1626578639999,1979.39,1976.86,1977.38,1982.1074999999996,1982.2767999999999
1626578699999,1977.84,1974.73,1974.84,1981.5679999999998,1981.9999999999998
1626578759999,1976.65,1974.13,1974.39,1980.9829999999997,1981.8094
1626578819999,1976.82,1973.86,1974.06,1980.4144999999996,1981.6909999999998
1626578879999,1975.89,1973.18,1975.21,1979.925,1981.602
1626578939999,1975.71,1973.22,1974.0,1979.48,1981.4481999999998
1626578999999,1974.7,1972.51,1973.18,1979.054,1981.3201999999997
1626579059999,1975.56,1973.17,1974.15,1978.5555,1981.2029999999993
1626579119999,1974.99,1974.06,1974.58,1978.145,1981.0975999999991
1626579179999,1975.0,1974.13,1974.8,1977.8040000000005,1980.9737999999995
1626579239999,1977.09,1974.58,1976.87,1977.5590000000004,1980.8703999999996
1626579299999,1977.19,1975.61,1975.77,1977.3239999999998,1980.7839999999994
1626579359999,1976.68,1975.49,1976.0,1976.9909999999995,1980.6215999999995
1626579419999,1976.26,1974.29,1974.29,1976.5834999999995,1980.4055999999994
1626579479999,1974.56,1973.47,1974.14,1976.1409999999996,1980.2281999999996
1626579539999,1976.02,1973.95,1973.95,1975.7884999999999,1980.0323999999996
1626579599999,1975.94,1972.93,1975.91,1975.6474999999998,1979.8817999999997
1626579659999,1977.62,1975.61,1975.98,1975.426,1979.7789999999993
1626579719999,1976.8,1974.93,1975.92,1975.1979999999996,1979.6685999999995
1626579779999,1975.92,1970.0,1975.0,1975.0209999999995,1979.5421999999994
1626579839999,1976.42,1974.6,1976.02,1974.9530000000002,1979.4319999999998
1626579899999,1976.92,1975.85,1976.62,1975.0420000000001,1979.3157999999996
1626579959999,1977.46,1976.1,1976.11,1975.128000000001,1979.1879999999999
1626580019999,1976.94,1975.61,1976.03,1975.2265000000007,1979.0797999999995
1626580079999,1977.87,1975.68,1977.82,1975.3570000000007,1979.0299999999997
1626580139999,1978.4,1976.63,1976.83,1975.4985000000008,1978.915
1626580199999,1977.48,1976.8,1977.26,1975.7025000000008,1978.8011999999999
1626580259999,1977.77,1977.0,1977.0,1975.8450000000012,1978.6508
1626580319999,1977.91,1976.5,1976.91,1975.9615000000013,1978.46
1626580379999,1978.0,1976.69,1977.0,1976.0715000000012,1978.3246000000001
1626580439999,1977.98,1976.78,1976.98,1976.0770000000011,1978.1953999999998
1626580499999,1979.33,1976.98,1979.3,1976.2535000000014,1978.0687999999998
1626580559999,1980.53,1978.12,1979.4,1976.4235000000015,1977.9349999999997
1626580619999,1979.41,1977.83,1977.9,1976.6040000000016,1977.7843999999998
1626580679999,1978.89,1977.9,1978.88,1976.8410000000015,1977.6619999999998
1626580739999,1978.89,1977.89,1978.77,1977.0820000000015,1977.5794
1626580799999,1983.12,1978.65,1981.77,1977.3750000000007,1977.5808000000002
1626580859999,1985.54,1977.89,1977.91,1977.4715000000003,1977.4566000000004
1626580919999,1980.39,1978.18,1979.0,1977.6255000000008,1977.3808000000008
1626580979999,1987.0,1978.67,1984.37,1978.0940000000005,1977.4358000000007
1626581039999,1989.0,1984.75,1987.35,1978.6605000000006,1977.5474000000008
1626581099999,1989.5,1985.37,1985.87,1979.1230000000003,1977.6554000000006
1626581159999,1985.88,1983.02,1983.96,1979.5154999999995,1977.6814000000004
1626581219999,1984.39,1981.14,1981.75,1979.8015,1977.6676000000004
1626581339999,1978.66,1976.0,1976.19,1979.7535000000003,1977.4616000000005
1626581399999,1978.01,1975.62,1976.55,1979.7180000000003,1977.4180000000006
1626581459999,1977.46,1976.05,1976.36,1979.6860000000008,1977.3370000000004
1626581519999,1977.52,1976.22,1977.36,1979.7085000000006,1977.2746000000004
1626581579999,1977.72,1976.11,1976.42,1979.6795000000006,1977.2322000000006
1626581639999,1977.5,1976.0,1977.29,1979.6950000000002,1977.2304000000001
1626581699999,1979.65,1976.77,1978.68,1979.664,1977.3072
1626581759999,1978.69,1974.59,1975.17,1979.4525,1977.3228000000004
1626581819999,1977.28,1974.0,1974.16,1979.2655,1977.3248000000003
1626581879999,1975.0,1971.99,1972.71,1978.9569999999999,1977.2748000000004
1626581939999,1974.7,1972.61,1973.63,1978.7,1977.2674000000004
1626581999999,1974.4,1972.39,1973.47,1978.2850000000003,1977.2732000000005
1626582059999,1974.85,1973.55,1974.61,1978.1200000000003,1977.2824000000007
1626582119999,1975.99,1974.61,1975.83,1977.9615000000008,1977.307400000001
1626582179999,1975.99,1974.02,1974.02,1977.4440000000006,1977.291800000001
1626582239999,1977.0,1974.25,1976.71,1976.9120000000003,1977.2886000000012
1626582299999,1978.74,1975.47,1975.52,1976.3944999999997,1977.2836000000011
1626582359999,1975.76,1973.35,1973.37,1975.8649999999998,1977.2310000000007
1626582419999,1975.52,1973.36,1975.24,1975.5394999999996,1977.250000000001
1626582479999,1975.77,1973.74,1975.4,1975.4344999999998,1977.275200000001
1626582539999,1976.66,1975.21,1975.91,1975.4204999999997,1977.3144000000011
1626582599999,1978.46,1975.84,1978.46,1975.5159999999996,1977.365400000001
1626582659999,1978.46,1976.22,1977.59,1975.5774999999994,1977.397600000001
1626582719999,1977.65,1975.67,1976.23,1975.5209999999995,1977.403800000001
1626582779999,1976.28,1974.6,1975.12,1975.4560000000001,1977.4062000000008
1626582839999,1975.9,1974.53,1975.63,1975.3729999999996,1977.3984000000005
1626582899999,1978.46,1975.58,1977.5,1975.3139999999992,1977.4160000000006
1626582959999,1979.33,1976.94,1978.79,1975.4949999999997,1977.4696000000006
1626583019999,1979.16,1976.1,1977.41,1975.6574999999998,1977.4972000000007
1626583079999,1978.34,1976.73,1976.97,1975.8704999999995,1977.4802000000002
1626583139999,1978.78,1976.52,1977.26,1976.0519999999997,1977.4888000000003
1626583199999,1977.54,1974.93,1975.88,1976.1724999999994,1977.4612000000006
1626583259999,1976.93,1975.32,1975.44,1976.214,1977.4300000000005
1626583319999,1976.09,1974.16,1975.29,1976.187,1977.3976000000007
1626583379999,1975.64,1974.3,1975.01,1976.2365000000004,1977.3578000000007
1626583439999,1976.0,1974.99,1975.52,1976.1770000000001,1977.3286000000007
1626583499999,1977.25,1975.52,1976.36,1976.2190000000003,1977.2698000000005
1626583559999,1978.35,1975.89,1978.14,1976.4575,1977.2446000000002
1626583619999,1980.14,1977.78,1977.83,1976.5870000000002,1977.2432000000003
1626583679999,1978.7,1977.36,1977.54,1976.694,1977.2164000000002
1626583739999,1977.54,1975.88,1975.88,1976.6924999999997,1977.1586000000002
1626583799999,1976.82,1975.52,1976.27,1976.5829999999994,1977.0485999999999
1626583859999,1976.28,1975.17,1975.35,1976.4709999999995,1976.9974
1626583919999,1975.7,1974.08,1974.43,1976.3809999999994,1976.9059999999997
1626583979999,1975.0,1974.0,1974.99,1976.3744999999992,1976.7184
1626584039999,1974.97,1973.92,1974.5,1976.3179999999993,1976.4613999999995
1626584099999,1975.35,1974.5,1975.35,1976.2104999999992,1976.2509999999997
1626584159999,1976.64,1974.72,1975.0,1976.0209999999995,1976.0717999999997
1626584219999,1978.89,1973.55,1977.97,1976.0489999999998,1975.9961999999996
1626584279999,1978.12,1974.99,1975.49,1975.9749999999992,1975.9559999999997
1626584339999,1975.49,1973.28,1973.95,1975.809499999999,1975.9112
1626584399999,1976.94,1973.94,1976.01,1975.815999999999,1975.9003999999998
1626584459999,1977.95,1976.08,1976.11,1975.8494999999991,1975.8953999999999
1626584519999,1977.76,1976.11,1977.5,1975.9599999999991,1975.8982
1626584579999,1978.24,1975.32,1976.44,1976.0314999999991,1975.8985999999998
1626584639999,1976.45,1975.25,1975.28,1976.0194999999992,1975.8584000000003
1626584699999,1975.71,1973.94,1975.69,1975.9859999999996,1975.7986000000005
1626584759999,1976.89,1974.86,1976.22,1975.8899999999999,1975.8196000000007
1626584819999,1979.33,1976.12,1978.51,1975.9239999999998,1975.9066000000003
1626584879999,1981.27,1977.14,1979.67,1976.0304999999996,1976.0458000000006
1626584939999,1982.96,1979.64,1982.55,1976.3640000000003,1976.2242000000008
1626584999999,1982.53,1979.68,1979.69,1976.5350000000005,1976.3486000000007
1626585059999,1979.69,1976.23,1976.88,1976.6115000000004,1976.3940000000005
1626585119999,1977.64,1976.01,1976.4,1976.7100000000005,1976.4054000000006
1626585179999,1977.15,1975.92,1976.19,1976.7700000000004,1976.4488000000003
1626585239999,1976.99,1975.11,1976.87,1976.8885000000005,1976.4520000000002
1626585299999,1978.47,1976.87,1977.94,1977.0180000000012,1976.5004000000001
1626585359999,1979.0,1976.22,1978.72,1977.2040000000009,1976.6073999999999
1626585419999,1979.69,1978.32,1978.7,1977.2405000000006,1976.6765999999996
1626585479999,1982.55,1978.88,1981.3,1977.5310000000013,1976.7946
1626585539999,1981.28,1980.0,1981.0,1977.8835000000006,1976.8963999999999
1626585599999,1981.0,1978.03,1979.99,1978.0825000000004,1976.927
1626585659999,1980.48,1976.99,1977.34,1978.1440000000002,1976.9219999999996
1626585719999,1979.96,1977.12,1978.96,1978.2170000000006,1976.9766
1626585779999,1979.6,1978.57,1978.81,1978.3355,1977.0503999999999
1626585839999,1980.77,1978.86,1980.68,1978.6055000000001,1977.1513999999997
1626585899999,1980.43,1979.11,1979.56,1978.7989999999995,1977.1925999999999
1626585959999,1979.9,1978.53,1979.35,1978.9554999999996,1977.2038
1626586019999,1979.36,1977.37,1978.21,1978.9404999999992,1977.2198
1626586079999,1979.32,1977.37,1978.02,1978.8579999999995,1977.2408000000003
1626586139999,1978.59,1977.84,1978.21,1978.6409999999992,1977.2598000000005
1626586199999,1980.0,1978.06,1979.87,1978.6499999999992,1977.3396000000005
1626586259999,1979.77,1978.0,1978.08,1978.7099999999991,1977.3924000000002
1626586319999,1978.27,1976.25,1976.8,1978.7299999999996,1977.4226000000003
1626586379999,1977.54,1976.57,1976.82,1978.7614999999998,1977.4588000000006
1626586439999,1977.37,1976.5,1977.05,1978.7704999999999,1977.4894000000008
1626586499999,1977.3,1975.66,1977.29,1978.7379999999998,1977.5080000000007
1626586559999,1977.9,1976.26,1976.72,1978.6379999999997,1977.4796000000006
1626586619999,1978.15,1976.48,1976.74,1978.5400000000002,1977.4578000000008
1626586679999,1977.5,1976.3,1977.17,1978.3335,1977.4504000000009
1626586739999,1978.06,1976.65,1976.88,1978.1274999999998,1977.4704000000006
1626586799999,1977.63,1976.0,1976.02,1977.9289999999996,1977.465400000001
1626586859999,1977.59,1975.34,1977.58,1977.941,1977.510000000001
1626586919999,1978.74,1977.56,1978.49,1977.9175000000002,1977.5912000000012
1626586979999,1978.86,1977.74,1978.18,1977.8860000000004,1977.6550000000009
1626587039999,1978.17,1976.88,1977.1,1977.7069999999999,1977.707000000001
1626587099999,1979.41,1977.1,1978.88,1977.673,1977.777600000001
1626587159999,1979.39,1976.35,1977.3,1977.5705000000003,1977.823600000001
1626587219999,1977.32,1977.0,1977.0,1977.5100000000007,1977.804200000001
1626587279999,1977.0,1976.36,1976.44,1977.4310000000005,1977.8232000000007
1626587339999,1976.68,1975.88,1976.67,1977.354,1977.8776000000007
1626587399999,1978.55,1976.35,1978.39,1977.2799999999995,1977.9252000000008
1626587459999,1978.92,1977.91,1978.15,1977.2834999999995,1977.966000000001
1626587519999,1979.92,1978.15,1979.32,1977.4094999999993,1978.0024000000008
1626587579999,1979.77,1979.0,1979.0,1977.5184999999994,1978.0536000000006
1626587639999,1979.5,1979.0,1979.32,1977.631999999999,1978.1344000000006
1626587699999,1981.1,1979.31,1980.39,1977.786999999999,1978.2284000000006
1626587759999,1980.39,1978.22,1979.36,1977.9189999999992,1978.2912000000006
1626587819999,1981.6,1979.2,1979.98,1978.0809999999994,1978.3206000000005
1626587879999,1979.97,1978.06,1978.43,1978.1439999999989,1978.2958000000006
1626587939999,1978.82,1978.06,1978.29,1978.214499999999,1978.2106000000003
1626587999999,1978.29,1977.01,1977.1,1978.268499999999,1978.1588000000002
1626588059999,1980.5,1977.08,1980.47,1978.4129999999993,1978.2306000000003
1626588119999,1981.34,1979.87,1979.87,1978.4819999999995,1978.3000000000002
1626588179999,1980.37,1977.22,1977.94,1978.4699999999998,1978.3350000000003
1626588239999,1978.37,1976.7,1977.0,1978.4649999999997,1978.3376000000003
1626588299999,1977.69,1977.01,1977.46,1978.3940000000002,1978.3280000000004
1626588359999,1977.67,1974.37,1974.67,1978.2625,1978.247
1626588419999,1975.07,1966.13,1966.14,1977.7195000000004,1977.9958000000001
1626588479999,1966.64,1958.21,1962.31,1977.0130000000001,1977.616
1626588539999,1963.5,1957.47,1959.4,1976.1495000000007,1977.184
1626588599999,1961.76,1959.41,1961.54,1975.3070000000007,1976.8149999999996
1626588659999,1963.21,1959.16,1960.35,1974.4170000000006,1976.4751999999999
1626588719999,1962.2,1957.07,1960.9,1973.4960000000005,1976.1139999999994
1626588779999,1963.18,1960.54,1962.46,1972.6690000000006,1975.7869999999998
1626588839999,1964.99,1962.36,1962.49,1971.8275000000006,1975.4231999999997
1626588899999,1964.93,1962.36,1963.52,1970.9840000000004,1975.1024
1626588959999,1966.42,1963.51,1965.0,1970.2660000000003,1974.8153999999997
1626589019999,1967.57,1964.92,1966.42,1969.5879999999997,1974.5795999999996
1626589079999,1966.63,1965.9,1966.4,1968.9865000000002,1974.3471999999995
1626589139999,1966.4,1964.58,1964.85,1968.3145,1974.0799999999995
date,high,low,close,20_MA,50_MA
1626589199999,1965.26,1962.06,1962.36,nan,nan
1626589259999,1966.8,1962.36,1966.79,nan,nan
1626589319999,1968.07,1966.05,1968.07,nan,nan
1626589379999,1968.93,1967.25,1967.25,nan,nan
1626589439999,1968.3,1965.88,1968.18,nan,nan
1626589499999,1968.3,1965.54,1967.06,nan,nan
1626589559999,1968.95,1967.06,1968.29,nan,nan
1626589619999,1968.74,1967.1,1968.56,nan,nan
1626589679999,1968.9,1966.65,1968.39,nan,nan
1626589739999,1969.31,1968.01,1968.45,nan,nan
1626589799999,1971.2,1968.44,1970.71,nan,nan
1626589859999,1970.68,1966.85,1967.0,nan,nan
1626589919999,1969.5,1966.91,1969.01,nan,nan
1626589979999,1969.2,1965.4,1966.18,nan,nan
1626590039999,1967.33,1965.8,1966.01,nan,nan
1626590099999,1966.01,1964.62,1965.63,nan,nan
1626590159999,1966.82,1965.26,1966.63,nan,nan
1626590219999,1968.01,1966.57,1967.21,nan,nan
1626590279999,1968.24,1966.46,1966.84,nan,nan
1626590339999,1966.89,1964.12,1964.84,nan,nan
1626590399999,1967.56,1964.74,1965.75,nan,nan
1626590459999,1965.76,1963.52,1963.73,nan,nan
1626590519999,1963.81,1961.25,1962.63,nan,nan
1626590579999,1966.0,1962.55,1964.99,nan,nan
1626590639999,1965.85,1964.5,1965.05,nan,nan
1626590699999,1965.91,1964.23,1965.88,nan,nan
1626590759999,1965.88,1960.25,1960.34,nan,nan
1626590819999,1961.71,1958.21,1958.93,nan,nan
1626590879999,1959.93,1955.62,1958.31,nan,nan
1626590939999,1957.98,1953.76,1957.32,nan,nan
1626590999999,1957.97,1955.39,1956.33,nan,nan
1626591059999,1959.48,1955.57,1956.34,nan,nan
1626591119999,1957.16,1955.0,1956.36,nan,nan
1626591179999,1958.87,1956.36,1957.08,nan,nan
1626591239999,1959.81,1956.65,1959.52,nan,nan
1626591299999,1960.83,1958.52,1958.8,nan,nan
1626591359999,1959.87,1958.52,1959.17,nan,nan
1626591419999,1959.82,1958.44,1959.0,nan,nan
1626591479999,1960.81,1958.01,1958.23,nan,nan
1626591539999,1958.5,1955.43,1955.94,nan,nan
1626591599999,1957.99,1955.46,1957.66,nan,nan
1626591659999,1962.61,1955.09,1961.59,nan,nan
1626591719999,1963.83,1960.8,1963.12,nan,nan
1626591779999,1963.32,1960.74,1960.94,nan,nan
1626591839999,1963.08,1960.94,1962.25,nan,nan
1626591899999,1963.0,1960.3,1960.7,nan,nan
1626591959999,1960.69,1956.76,1958.79,nan,nan
1626592019999,1958.79,1956.34,1957.56,nan,nan
1626592079999,1957.91,1955.9,1956.1,nan,nan
1626592139999,1956.78,1955.37,1955.82,nan,nan
1626592199999,1957.53,1955.57,1957.5,nan,nan
1626592259999,1959.35,1957.24,1958.89,nan,nan
1626592319999,1958.89,1955.78,1956.46,nan,nan
1626592379999,1958.13,1955.03,1957.58,nan,nan
1626592439999,1959.31,1956.39,1957.58,nan,nan
1626592499999,1958.42,1957.59,1958.18,nan,nan
1626592559999,1958.4,1955.36,1955.87,nan,nan
1626592619999,1960.0,1955.85,1959.32,nan,nan
1626592679999,1961.37,1958.31,1960.87,nan,nan
1626592739999,1960.87,1959.32,1959.89,nan,nan
1626592799999,1960.15,1958.43,1958.43,1958.8720000000005,1960.683
1626592859999,1958.29,1956.3,1957.98,1958.6915000000008,1960.5025999999996
1626592919999,1958.43,1957.63,1958.08,1958.439500000001,1960.2839999999999
1626592979999,1958.28,1955.86,1956.56,1958.2205000000008,1960.0916
1626593039999,1958.16,1956.49,1957.76,1957.996000000001,1959.9266
1626593099999,1958.31,1957.48,1957.97,1957.8595000000012,1959.7734
1626593159999,1958.04,1957.0,1957.01,1957.7705000000017,1959.5809999999997
1626593219999,1958.01,1955.8,1956.98,1957.7415000000015,1959.3763999999996
1626593279999,1958.77,1956.9,1958.76,1957.8745000000017,1959.2147999999995
1626593339999,1958.74,1957.17,1957.32,1957.9495000000018,1959.0643999999998
1626593399999,1958.68,1955.68,1958.68,1958.0085000000017,1958.9229999999998
1626593459999,1961.05,1957.23,1960.72,1958.1000000000017,1958.8627999999999
1626593519999,1960.92,1958.85,1959.32,1958.2430000000022,1958.7966000000001
1626593579999,1960.48,1958.6,1958.86,1958.307000000002,1958.674
1626593639999,1960.18,1958.73,1958.74,1958.365000000002,1958.5477999999996
1626593699999,1959.95,1957.0,1959.04,1958.408000000002,1958.4109999999994
1626593759999,1959.47,1958.31,1958.39,1958.5340000000015,1958.3719999999992
1626593819999,1958.4,1957.03,1957.71,1958.4535000000014,1958.3475999999998
1626593879999,1957.72,1955.13,1955.99,1958.2095000000008,1958.3011999999997
1626593939999,1956.0,1955.62,1955.63,1957.9965000000007,1958.2673999999997
1626593999999,1956.0,1955.02,1955.57,1957.8535000000006,1958.2521999999997
1626594059999,1957.2,1955.16,1956.76,1957.7925000000007,1958.2605999999996
1626594119999,1957.52,1956.0,1956.21,1957.699,1958.2576
1626594179999,1956.36,1953.73,1953.95,1957.5685,1958.195
1626594239999,1958.36,1953.96,1958.09,1957.5849999999998,1958.1663999999998
1626594299999,1958.39,1956.68,1957.05,1957.539,1958.1314000000002
1626594359999,1957.05,1954.12,1956.99,1957.5379999999993,1958.0878
1626594419999,1957.31,1954.59,1956.2,1957.4989999999987,1958.0318
1626594479999,1958.31,1955.78,1958.08,1957.4649999999988,1958.0288
1626594539999,1962.18,1957.86,1962.09,1957.7034999999985,1958.1518000000003
1626594599999,1970.0,1961.45,1963.42,1957.9404999999988,1958.267
1626594659999,1963.6,1959.71,1961.56,1957.982499999999,1958.2664000000004
1626594719999,1962.4,1959.0,1959.43,1957.9879999999987,1958.1926000000003
1626594779999,1961.7,1959.77,1960.46,1958.0679999999988,1958.1830000000007
1626594839999,1961.83,1960.01,1961.16,1958.1889999999992,1958.1612000000011
1626594899999,1962.85,1957.61,1957.91,1958.1324999999993,1958.1054000000013
1626594959999,1959.26,1956.17,1957.08,1958.066999999999,1958.0712000000012
1626595019999,1957.09,1953.53,1956.29,1957.9959999999992,1958.045800000001
1626595079999,1956.55,1954.94,1955.85,1957.9889999999996,1958.0408000000011
1626595139999,1959.59,1955.9,1958.99,1958.1569999999997,1958.104200000001
1626595199999,1959.6,1957.55,1959.0,1958.3284999999996,1958.134200000001
1626595259999,1959.68,1957.01,1959.46,1958.4634999999992,1958.1456000000007
1626595319999,1960.51,1958.24,1960.18,1958.6619999999991,1958.2200000000005
1626595379999,1963.2,1958.03,1962.13,1959.0709999999995,1958.3110000000006
1626595439999,1965.5,1960.83,1964.83,1959.408,1958.4560000000006
1626595499999,1967.24,1964.49,1966.91,1959.9009999999992,1958.6306000000002
1626595559999,1967.09,1965.23,1965.23,1960.3129999999994,1958.8178
1626595619999,1967.64,1964.97,1966.67,1960.8364999999994,1958.9647999999997
1626595679999,1966.56,1962.0,1963.98,1961.1314999999995,1959.027
1626595739999,1966.74,1963.89,1964.47,1961.2504999999996,1959.1186000000002
1626595799999,1965.96,1963.78,1965.75,1961.3669999999995,1959.2650000000003
1626595859999,1966.24,1965.0,1966.24,1961.6009999999994,1959.4302000000002
1626595919999,1967.72,1965.02,1965.14,1961.8864999999994,1959.5714000000005
1626595979999,1965.4,1965.02,1965.04,1962.1154999999992,1959.741
1626596039999,1966.35,1965.02,1965.59,1962.336999999999,1959.8976
1626596099999,1967.42,1965.03,1966.36,1962.759499999999,1960.0654000000002
1626596159999,1966.81,1965.02,1965.03,1963.1569999999988,1960.2258000000002
1626596219999,1965.2,1963.19,1963.2,1963.5024999999991,1960.3502000000005
1626596279999,1965.0,1963.19,1963.79,1963.899499999999,1960.4508
1626596339999,1965.87,1963.18,1965.42,1964.2209999999995,1960.6128000000003
1626596399999,1969.99,1965.41,1969.74,1964.7579999999994,1960.8340000000003
1626596459999,1973.48,1968.44,1971.04,1965.3369999999995,1961.0403999999999
1626596519999,1971.04,1969.76,1970.29,1965.8425,1961.2597999999998
1626596579999,1973.75,1969.68,1971.07,1966.2895,1961.504
1626596639999,1971.08,1969.7,1970.01,1966.5485,1961.7293999999997
1626596759999,1973.43,1970.67,1970.86,1967.1504999999997,1962.2643999999998
1626596819999,1970.87,1969.0,1969.27,1967.2805,1962.4955999999993
1626596879999,1969.93,1968.59,1968.82,1967.5224999999998,1962.7521999999994
1626596939999,1968.82,1967.0,1967.33,1967.6654999999998,1962.9861999999994
1626596999999,1968.0,1966.78,1967.55,1967.7555,1963.225799999999
1626597059999,1967.56,1966.01,1966.07,1967.7470000000005,1963.4119999999996
1626597119999,1966.36,1965.18,1965.6,1967.7700000000004,1963.5997999999997
1626597179999,1965.91,1964.84,1964.91,1967.763500000001,1963.8190000000002
1626597239999,1965.42,1963.15,1963.57,1967.662500000001,1963.9286000000004
1626597299999,1965.63,1963.5,1965.63,1967.6260000000009,1964.1002000000005
1626597359999,1965.91,1963.07,1963.35,1967.5420000000013,1964.2274000000004
1626597419999,1963.71,1962.28,1963.46,1967.555000000001,1964.3726000000006
1626597479999,1964.57,1962.17,1963.4,1967.5355000000006,1964.4790000000005
1626597539999,1963.99,1963.01,1963.04,1967.4165000000005,1964.4980000000005
1626597599999,1964.76,1962.43,1964.32,1967.1455,1964.516000000001
1626597659999,1966.97,1964.32,1966.85,1966.9360000000004,1964.6218000000008
1626597719999,1968.51,1966.5,1967.73,1966.8080000000004,1964.7878000000012
1626597779999,1968.67,1967.02,1967.93,1966.6510000000003,1964.937200000001
1626597839999,1969.25,1967.5,1968.49,1966.5750000000003,1965.083800000001
1626597899999,1968.5,1964.28,1965.85,1966.2015,1965.242600000001
1626597959999,1965.85,1964.28,1964.79,1965.8980000000004,1965.3968000000011
1626598019999,1965.99,1964.28,1964.84,1965.6765000000003,1965.5678000000012
1626598079999,1964.89,1961.51,1961.99,1965.3349999999998,1965.690600000001
1626598139999,1963.03,1960.52,1960.98,1965.0174999999995,1965.7304000000006
1626598199999,1962.97,1960.99,1962.72,1964.7759999999994,1965.8048000000008
1626598259999,1967.34,1962.72,1966.68,1964.8064999999995,1965.9492000000005
1626598319999,1966.67,1964.66,1965.0,1964.7764999999993,1966.0456000000004
1626598379999,1966.01,1964.69,1965.89,1964.825499999999,1966.1208000000001
1626598439999,1965.73,1963.79,1963.83,1964.8384999999994,1966.1008000000002
1626598499999,1964.28,1962.73,1962.74,1964.6939999999995,1966.0174000000002
1626598559999,1965.51,1962.73,1965.44,1964.7985,1966.0216000000003
1626598619999,1965.91,1965.13,1965.52,1964.9015,1965.9986000000004
1626598679999,1967.4,1965.51,1966.87,1965.075,1966.0564000000004
1626598739999,1969.8,1966.87,1969.75,1965.4105,1966.1620000000005
1626598799999,1970.41,1968.03,1968.94,1965.6415000000002,1966.2258000000004
1626598859999,1968.93,1965.49,1966.06,1965.602,1966.2222000000004
1626598919999,1967.62,1965.61,1966.18,1965.5245,1966.243
1626598979999,1966.04,1964.69,1964.99,1965.3774999999998,1966.2420000000002
1626599039999,1967.03,1964.85,1966.13,1965.2594999999997,1966.2528000000002
1626599099999,1968.46,1966.04,1967.49,1965.3415,1966.2754000000007
1626599159999,1967.53,1965.06,1966.08,1965.4060000000004,1966.2964000000006
1626599219999,1966.99,1965.45,1966.24,1965.476,1966.3572000000006
1626599279999,1966.78,1965.63,1966.01,1965.6770000000004,1966.4016000000004
1626599339999,1967.09,1965.0,1966.58,1965.9570000000008,1966.4248000000007
1626599399999,1967.51,1966.59,1967.0,1966.1710000000007,1966.3700000000006
1626599459999,1967.51,1964.56,1965.8,1966.1270000000009,1966.2652000000007
1626599519999,1967.7,1965.71,1966.39,1966.1965000000005,1966.187200000001
1626599579999,1967.79,1966.39,1967.26,1966.2650000000006,1966.1110000000006
1626599639999,1969.69,1966.27,1968.72,1966.5095000000001,1966.0852000000004
1626599699999,1968.92,1967.22,1967.57,1966.7510000000007,1965.9702000000004
1626599759999,1967.56,1965.5,1965.55,1966.7565000000002,1965.8640000000005
1626599819999,1967.12,1964.69,1965.25,1966.743,1965.7836000000004
1626599879999,1965.82,1965.17,1965.36,1966.6675,1965.7144
1626599939999,1966.41,1964.81,1965.47,1966.4535000000003,1965.6772000000003
1626599999999,1965.54,1964.68,1965.01,1966.2570000000003,1965.6264
1626600059999,1965.05,1963.02,1964.01,1966.1545,1965.5851999999995
1626600119999,1964.48,1962.92,1962.92,1965.9915,1965.5315999999991
1626600179999,1964.01,1962.11,1963.81,1965.9325000000003,1965.5095999999994
1626600239999,1964.47,1963.06,1963.19,1965.7855000000006,1965.5019999999993
1626600299999,1963.56,1961.83,1962.07,1965.5145000000007,1965.4307999999996
1626600359999,1963.26,1961.32,1962.53,1965.3370000000002,1965.4143999999992
1626600419999,1963.26,1961.97,1963.06,1965.1780000000003,1965.4063999999992
1626600479999,1965.68,1963.01,1964.42,1965.0985000000005,1965.4267999999997
1626600539999,1965.43,1964.15,1965.24,1965.0315000000003,1965.4707999999998
1626600599999,1966.89,1965.17,1966.83,1965.0230000000004,1965.5209999999995
1626600659999,1966.87,1965.16,1966.4,1965.0530000000006,1965.5119999999995
1626600719999,1966.4,1964.43,1964.44,1964.9555000000007,1965.4461999999996
1626600779999,1965.47,1964.36,1965.46,1964.8655000000006,1965.3968
1626600839999,1965.48,1964.41,1965.22,1964.6905000000006,1965.3313999999998
1626600899999,1965.22,1961.82,1962.78,1964.4510000000002,1965.2699999999998
1626600959999,1962.79,1961.01,1961.46,1964.2465000000004,1965.2034000000003
1626601019999,1963.68,1961.46,1962.8,1964.1240000000003,1965.1626000000003
1626601079999,1963.14,1961.27,1962.36,1963.9740000000002,1965.1700000000003
1626601139999,1964.17,1962.09,1963.6,1963.8805,1965.2224000000006
1626601199999,1965.36,1963.51,1965.36,1963.898,1965.2752000000005
1626601259999,1966.25,1964.32,1965.92,1963.9934999999998,1965.260000000001
1626601319999,1966.65,1965.22,1965.99,1964.1469999999997,1965.2798000000007
1626601379999,1966.46,1964.65,1966.37,1964.275,1965.2894000000003
1626601439999,1966.34,1965.06,1966.34,1964.4324999999997,1965.3396000000005
1626601499999,1966.74,1965.27,1965.77,1964.6174999999996,1965.4002000000005
1626601559999,1967.0,1965.4,1967.0,1964.8409999999997,1965.4314000000004
1626601619999,1969.85,1967.04,1968.65,1965.1204999999998,1965.4940000000006
1626601679999,1972.25,1968.69,1969.86,1965.3925,1965.5538000000008
1626601739999,1972.64,1969.66,1972.31,1965.7460000000003,1965.605000000001
1626601799999,1973.67,1970.5,1973.37,1966.0730000000003,1965.6936000000005
1626601859999,1973.77,1971.18,1971.5,1966.3280000000002,1965.8024000000005
1626601919999,1971.59,1969.64,1971.56,1966.684,1965.9100000000005
1626601979999,1971.57,1969.05,1969.96,1966.909,1966.0094000000006
1626602039999,1970.72,1968.43,1970.09,1967.1524999999997,1966.0886000000005
1626602099999,1971.18,1970.09,1971.13,1967.5699999999997,1966.1614000000004
1626602159999,1971.14,1967.69,1968.3,1967.9119999999996,1966.2058000000002
1626602219999,1969.34,1967.32,1967.51,1968.1474999999991,1966.2312
1626602279999,1967.61,1964.11,1965.36,1968.2974999999992,1966.2182
1626602339999,1965.56,1963.56,1963.57,1968.2959999999991,1966.1580000000001
1626602399999,1963.75,1962.04,1962.87,1968.1714999999997,1966.0754000000002
1626602459999,1962.88,1958.71,1959.36,1967.843499999999,1965.9465999999998
1626602519999,1960.68,1959.01,1959.3,1967.5089999999996,1965.8048
1626602579999,1960.35,1956.73,1957.01,1967.0409999999993,1965.5997999999995
1626602639999,1957.9,1955.23,1957.8,1966.6139999999996,1965.3813999999998
1626602699999,1959.53,1953.24,1954.84,1966.0674999999992,1965.1267999999995
1626602759999,1957.5,1955.0,1957.01,1965.5679999999998,1964.9559999999994
1626602819999,1959.66,1956.55,1958.01,1965.0359999999996,1964.8111999999996
1626602879999,1959.97,1958.3,1959.55,1964.5204999999999,1964.6949999999995
1626602939999,1960.09,1959.0,1959.01,1963.8555000000001,1964.5657999999994
1626602999999,1959.82,1956.56,1958.53,1963.1135,1964.4361999999994
1626603059999,1958.23,1955.01,1956.19,1962.3480000000004,1964.2797999999996
1626603119999,1957.2,1955.93,1956.04,1961.5720000000008,1964.1421999999998
1626603179999,1956.51,1949.46,1951.3,1960.639000000001,1963.8919999999996
1626603239999,1954.72,1951.25,1953.13,1959.791000000001,1963.6907999999996
1626603299999,1953.99,1951.53,1953.38,1958.903500000001,1963.5169999999998
1626603359999,1955.95,1952.26,1955.95,1958.2860000000007,1963.3854
1626603419999,1956.34,1953.88,1956.23,1957.7220000000004,1963.2487999999998
1626603479999,1959.0,1955.98,1959.0,1957.404000000001,1963.1404
1626603539999,1959.1,1957.07,1958.9,1957.1705000000013,1963.0135999999998
1626603599999,1959.49,1957.63,1958.13,1956.9335000000005,1962.8395999999996
1626603659999,1959.63,1958.13,1958.89,1956.9100000000005,1962.6893999999995
1626603719999,1959.6,1958.6,1959.39,1956.9145000000003,1962.5883999999992
1626603779999,1962.59,1959.38,1961.71,1957.1495,1962.5133999999991
1626603839999,1962.06,1961.01,1961.31,1957.325,1962.4351999999992
1626603899999,1961.91,1959.98,1961.38,1957.652,1962.4071999999994
1626603959999,1961.38,1960.51,1960.51,1957.827,1962.3881999999992
1626604019999,1962.65,1960.54,1962.46,1958.0494999999999,1962.3813999999993
1626604079999,1963.8,1961.44,1963.12,1958.2279999999998,1962.3965999999991
1626604139999,1967.22,1963.12,1967.17,1958.6359999999997,1962.4679999999994
1626604199999,1968.33,1963.98,1963.98,1958.9085000000002,1962.4403999999995
1626604259999,1964.86,1961.78,1964.68,1959.333,1962.4155999999994
1626604319999,1965.6,1963.58,1964.1,1959.736,1962.3777999999993
1626604379999,1964.14,1962.23,1963.78,1960.36,1962.3259999999998
1626604439999,1963.78,1962.14,1962.14,1960.8105,1962.2419999999997
1626604499999,1962.53,1961.11,1961.71,1961.227,1962.1607999999999
1626604559999,1961.71,1959.18,1959.47,1961.4030000000007,1962.0102000000004
1626604619999,1959.64,1957.0,1959.63,1961.5730000000003,1961.8298000000004
1626604679999,1961.2,1957.64,1958.19,1961.5325000000005,1961.5964000000008
1626604739999,1959.33,1958.2,1958.33,1961.5040000000004,1961.3168000000007
1626604799999,1959.59,1958.32,1958.99,1961.547,1961.029200000001
1626604859999,1960.99,1958.71,1960.46,1961.6255,1960.8084000000008
1626604919999,1961.27,1958.72,1958.73,1961.5925000000002,1960.551800000001
1626604979999,1960.42,1958.5,1960.35,1961.5245000000002,1960.3596000000007
1626605039999,1960.4,1958.72,1959.41,1961.4295000000002,1960.1460000000009
1626605099999,1960.31,1958.61,1960.3,1961.3755,1959.929400000001
1626605159999,1960.26,1957.86,1958.33,1961.2665000000002,1959.730000000001
1626605219999,1958.96,1956.12,1956.24,1960.9555,1959.5046000000011
1626605279999,1958.61,1956.37,1958.12,1960.7055,1959.359800000001
1626605339999,1957.99,1955.66,1956.25,1960.1594999999998,1959.2134000000005
1626605399999,1957.6,1956.02,1957.6,1959.8404999999998,1959.1080000000009
1626605459999,1957.65,1956.08,1956.55,1959.4339999999997,1959.0518000000004
1626605519999,1956.93,1956.01,1956.02,1959.0299999999993,1958.9862000000003
1626605579999,1956.87,1955.62,1956.24,1958.652999999999,1958.9708000000007
1626605639999,1957.05,1955.16,1956.71,1958.3814999999988,1958.9490000000005
1626605699999,1959.99,1956.71,1959.99,1958.2954999999988,1959.052000000001
1626605759999,1961.82,1959.63,1960.38,1958.3409999999985,1959.1194000000012
1626605819999,1960.38,1957.63,1958.44,1958.2814999999987,1959.1280000000013
1626605879999,1962.35,1958.21,1960.45,1958.394499999999,1959.1460000000015
1626605939999,1961.96,1960.1,1961.93,1958.5744999999993,1959.2044000000017
1626605999999,1962.49,1961.08,1961.79,1958.7144999999994,1959.2696000000014
1626606059999,1961.82,1959.34,1961.82,1958.7824999999993,1959.3822000000014
1626606119999,1963.0,1961.51,1962.41,1958.9664999999998,1959.5096000000017
1626606179999,1963.1,1962.0,1962.5,1959.0739999999998,1959.7336000000014
1626606239999,1964.27,1962.19,1964.27,1959.3169999999998,1959.9564000000014
1626606299999,1965.0,1963.52,1964.0,1959.5019999999997,1960.1688000000013
1626606359999,1964.66,1963.24,1963.68,1959.7694999999997,1960.3234000000011
1626606419999,1965.55,1963.72,1964.73,1960.194,1960.4934000000007
1626606479999,1966.9,1964.25,1966.61,1960.6185,1960.6456000000007
1626606539999,1967.6,1964.51,1964.51,1961.0315000000003,1960.7578000000008
1626606599999,1965.53,1962.91,1962.92,1961.2975000000001,1960.8536000000004
1626606659999,1963.67,1962.25,1962.52,1961.596,1960.9262000000006
1626606719999,1962.8,1960.51,1961.36,1961.863,1960.9656000000004
1626606779999,1962.53,1960.91,1962.05,1962.1535000000003,1960.9724000000006
1626606839999,1962.04,1959.43,1961.23,1962.3795000000002,1960.9708000000005
1626606899999,1963.81,1961.06,1963.37,1962.5485000000003,1961.0106000000003
1626606959999,1963.51,1961.54,1962.06,1962.6325000000004,1961.0416000000002
1626607019999,1962.94,1960.4,1960.44,1962.7325000000005,1961.0012
1626607079999,1961.97,1960.44,1961.76,1962.7980000000011,1960.9740000000002
1626607139999,1961.77,1960.16,1960.33,1962.7180000000008,1960.8371999999997
1626607199999,1961.12,1959.88,1959.89,1962.623000000001,1960.7554
1626607259999,1959.89,1958.78,1958.99,1962.4815000000006,1960.6416
1626607319999,1960.84,1958.98,1960.51,1962.3865,1960.5697999999995
1626607379999,1961.77,1960.43,1961.13,1962.3180000000004,1960.5167999999996
1626607439999,1962.81,1961.12,1962.42,1962.225500000001,1960.5223999999998
1626607499999,1963.03,1962.0,1962.24,1962.1375000000003,1960.533
1626607559999,1963.08,1962.25,1962.95,1962.101,1960.6025999999997
1626607619999,1964.49,1962.57,1964.35,1962.0819999999999,1960.6970000000001
1626607679999,1965.59,1962.74,1964.61,1961.9819999999995,1960.8253999999995
1626607739999,1964.93,1962.32,1963.3,1961.9214999999992,1960.9247999999995
1626607799999,1965.13,1962.88,1965.13,1962.0319999999997,1961.0475999999994
1626607859999,1965.13,1962.44,1962.8,1962.0459999999998,1961.094399999999
1626607919999,1964.77,1962.53,1964.28,1962.1919999999998,1961.2053999999996
1626607979999,1964.9,1963.7,1964.01,1962.2899999999997,1961.2785999999992
1626608039999,1964.92,1963.66,1964.57,1962.4569999999992,1961.3817999999994
1626608099999,1965.13,1963.69,1965.12,1962.5444999999995,1961.4781999999996
1626608159999,1965.19,1963.26,1964.28,1962.6554999999996,1961.5971999999997
1626608219999,1966.3,1963.29,1964.92,1962.8794999999996,1961.7707999999996
1626608279999,1967.15,1964.91,1967.08,1963.1454999999994,1961.9499999999994
1626608339999,1968.58,1966.69,1967.93,1963.5254999999997,1962.1835999999996
1626608399999,1970.0,1967.66,1967.78,1963.9199999999996,1962.3871999999997
1626608459999,1968.15,1967.14,1968.02,1964.3714999999997,1962.6166
1626608519999,1970.0,1968.03,1969.9,1964.841,1962.8941999999997
1626608579999,1969.76,1968.0,1968.07,1965.1879999999996,1963.1308
1626608639999,1968.67,1967.41,1968.3,1965.4820000000004,1963.3626000000002
1626608699999,1969.3,1968.18,1968.57,1965.7985000000003,1963.5342
1626608759999,1968.53,1965.39,1967.65,1966.0335000000007,1963.6796
1626608819999,1968.17,1966.53,1967.01,1966.1665000000005,1963.8509999999997
1626608879999,1967.72,1966.52,1967.68,1966.3200000000008,1963.9955999999997
1626608939999,1967.67,1966.0,1966.3,1966.4700000000007,1964.0829999999999
1626608999999,1967.24,1965.45,1966.94,1966.560500000001,1964.1860000000001
1626609059999,1966.99,1965.59,1965.78,1966.7095000000008,1964.2651999999998
1626609119999,1966.92,1963.58,1963.93,1966.6920000000005,1964.2955999999997
1626609179999,1964.84,1962.09,1962.73,1966.6280000000006,1964.3001999999997
1626609239999,1963.9,1961.16,1962.41,1966.520000000001,1964.2629999999997
1626609299999,1964.0,1961.74,1963.99,1966.4635000000005,1964.2627999999997
1626609359999,1965.65,1963.73,1964.37,1966.4680000000003,1964.2765999999997
1626609419999,1965.0,1963.0,1963.48,1966.3960000000006,1964.2515999999998
1626609479999,1965.38,1963.04,1964.69,1966.2765000000004,1964.2131999999997
1626609539999,1965.86,1962.64,1963.11,1966.0355000000004,1964.1851999999997
1626609599999,1965.96,1963.08,1965.59,1965.9260000000002,1964.2385999999997
1626609659999,1966.49,1964.0,1966.49,1965.8495000000003,1964.3179999999995
1626609719999,1968.0,1965.02,1965.02,1965.6055000000001,1964.3912
1626609779999,1969.5,1960.67,1968.4,1965.622,1964.5181999999998
1626609839999,1973.11,1967.92,1971.1,1965.762,1964.7156
1626609899999,1971.18,1968.43,1970.21,1965.8439999999998,1964.8524000000002
1626609959999,1973.24,1968.63,1968.64,1965.8934999999997,1964.9840000000002
1626610019999,1969.21,1966.51,1967.41,1965.9135,1965.1234000000002
1626610079999,1967.79,1965.63,1966.3,1965.8445000000004,1965.2142000000003
1626610139999,1970.22,1966.32,1969.3,1965.9945000000012,1965.3936000000003
1626610199999,1969.45,1968.24,1968.83,1966.0890000000006,1965.5724000000002
1626610259999,1968.84,1966.89,1967.79,1966.1895000000009,1965.7484000000002
1626610319999,1969.9,1968.1,1969.69,1966.4775000000009,1965.9320000000005
1626610379999,1970.52,1969.17,1969.45,1966.8135000000007,1966.0984000000003
1626610439999,1970.74,1969.44,1969.88,1967.1870000000006,1966.2476000000006
1626610499999,1970.26,1969.05,1969.36,1967.4555000000007,1966.3900000000003
1626610559999,1970.04,1967.27,1967.93,1967.6335000000004,1966.4896
1626610619999,1968.24,1965.0,1966.49,1967.784,1966.5324000000003
1626610679999,1966.63,1963.93,1964.01,1967.75,1966.5204
1626610739999,1965.78,1963.97,1965.6,1967.8745,1966.5664000000002
1626610799999,1965.61,1964.42,1964.62,1967.8260000000005,1966.5562000000002
1626610859999,1964.62,1962.05,1962.6,1967.6315000000002,1966.5522000000003
1626610919999,1962.96,1961.06,1961.8,1967.4705000000006,1966.5026
1626610979999,1962.1,1961.05,1961.46,1967.1235000000004,1966.4516000000006
1626611039999,1962.2,1960.14,1960.48,1966.5925000000007,1966.3698000000004
1626611099999,1961.11,1958.57,1959.37,1966.0505000000007,1966.2548000000006
1626611159999,1959.35,1958.0,1958.0,1965.5185000000013,1966.129200000001
1626611219999,1958.03,1956.6,1957.37,1965.0165000000004,1965.9782000000007
1626611279999,1958.38,1955.97,1957.02,1964.5525000000002,1965.7770000000005
1626611339999,1960.54,1957.03,1959.86,1964.0805000000005,1965.6156000000008
1626611399999,1960.85,1959.01,1959.48,1963.613,1965.4496000000008
1626611459999,1960.01,1957.62,1958.91,1963.1690000000003,1965.2674000000004
1626611519999,1959.11,1957.53,1957.99,1962.584,1965.0292000000006
1626611579999,1960.81,1957.99,1960.14,1962.1185,1964.8706000000002
1626611639999,1961.92,1959.84,1961.55,1961.7020000000005,1964.7356000000007
1626611699999,1962.62,1961.34,1962.03,1961.3355,1964.6048
1626611759999,1962.27,1960.48,1960.88,1960.9829999999997,1964.4694000000004
1626611819999,1961.6,1960.52,1961.27,1960.7219999999993,1964.3546000000006
1626611879999,1962.99,1960.82,1962.69,1960.6559999999995,1964.2548000000006
1626611939999,1963.79,1961.81,1962.01,1960.4765,1964.1690000000006
1626611999999,1964.07,1962.0,1963.97,1960.4439999999995,1964.1096000000002
1626612059999,1964.18,1962.59,1962.7,1960.4489999999992,1964.0480000000002
1626612119999,1962.71,1961.36,1962.0,1960.458999999999,1964.0094000000004
1626612179999,1963.53,1962.01,1963.03,1960.5374999999992,1964.0154000000007
1626612239999,1964.0,1962.59,1963.61,1960.6939999999995,1964.0394000000006
1626612299999,1964.04,1963.1,1964.04,1960.9274999999993,1964.0404000000008
1626612359999,1965.01,1963.08,1964.75,1961.2649999999994,1964.0480000000005
1626612419999,1966.62,1965.02,1965.23,1961.658,1964.0830000000005
1626612479999,1966.11,1962.93,1963.45,1961.9795,1964.0582000000002
1626612539999,1964.56,1963.44,1964.56,1962.2145,1964.0872000000004
1626612599999,1964.56,1961.47,1961.6,1962.3204999999994,1964.0074000000002
1626612659999,1961.82,1959.01,1959.69,1962.3594999999993,1963.8714000000004
1626612719999,1960.28,1959.17,1959.8,1962.4499999999994,1963.767
1626612779999,1960.29,1959.18,1959.87,1962.4364999999993,1963.5964000000001
1626612839999,1961.52,1959.88,1960.68,1962.3929999999996,1963.388
1626612899999,1960.68,1959.29,1959.88,1962.2854999999993,1963.1814
1626612959999,1959.89,1958.0,1958.59,1962.1709999999996,1962.9803999999997
1626613019999,1960.88,1958.3,1960.87,1962.1509999999998,1962.8495999999996
1626613079999,1960.87,1959.5,1960.64,1962.0484999999996,1962.7363999999995
1626613139999,1960.63,1958.83,1959.68,1961.932,1962.5439999999994
1626613199999,1960.23,1958.89,1959.97,1961.732,1962.3667999999993
1626613259999,1960.22,1957.44,1958.17,1961.5055,1962.1743999999997
1626613319999,1958.17,1956.59,1956.88,1961.2494999999994,1961.9181999999994
1626613379999,1957.66,1956.68,1956.87,1960.9414999999997,1961.666599999999
1626613439999,1959.0,1956.86,1959.0,1960.7109999999998,1961.4489999999992
1626613499999,1959.0,1957.74,1958.72,1960.4449999999993,1961.2361999999994
1626613559999,1960.54,1958.51,1960.24,1960.2194999999992,1961.0823999999996
1626613619999,1961.99,1960.05,1961.71,1960.043499999999,1960.9867999999997
1626613679999,1962.54,1961.26,1961.27,1959.934499999999,1960.9319999999998
1626613739999,1961.27,1959.0,1959.54,1959.6834999999992,1960.8107999999995
1626613799999,1960.05,1958.44,1958.44,1959.5254999999993,1960.6871999999996
1626613859999,1958.97,1957.5,1957.86,1959.4339999999993,1960.5923999999995
1626613919999,1957.86,1953.19,1955.49,1959.2184999999995,1960.4661999999998
1626613979999,1956.67,1954.43,1956.52,1959.050999999999,1960.3673999999999
1626614039999,1956.85,1955.33,1955.83,1958.8084999999987,1960.2744
1626614099999,1957.0,1955.17,1956.61,1958.644999999999,1960.2192000000002
1626614159999,1956.72,1955.04,1955.32,1958.4814999999992,1960.1656
1626614219999,1956.54,1954.37,1955.43,1958.209499999999,1960.1268
1626614279999,1956.13,1955.34,1955.72,1957.9634999999992,1960.1008
1626614339999,1956.88,1955.72,1956.85,1957.821999999999,1960.0406000000003
1626614399999,1958.8,1956.59,1958.49,1957.7479999999991,1960.0208000000005
1626614459999,1959.92,1956.99,1957.25,1957.7019999999993,1959.9876000000006
1626614519999,1957.56,1955.22,1956.19,1957.6674999999996,1959.9516000000006
1626614579999,1956.19,1954.52,1955.33,1957.590499999999,1959.8554000000006
1626614639999,1956.95,1954.77,1954.97,1957.3889999999997,1959.7238000000007
1626614699999,1956.05,1954.5,1955.98,1957.2519999999997,1959.6028000000006
